<?xml version="1.0" encoding="UTF-8" standalone="yes"?>
<addon id="plugin.program.TAPBuildsWizard" name="[COLOR limegreen][B]Open[/B][/COLOR]Wizard" version="1.0.2" provider-name="drinfernoo">
    <requires>
        <import addon="xbmc.python" version="2.1.0" />
        <import addon="script.module.requests" />
    </requires>
    
    <extension point="xbmc.python.pluginsource" library="default.py">
        <provides>executable</provides>
    </extension>
    
    <extension point="xbmc.service" library="startup.py" start="startup" />
    
    <extension point="xbmc.addon.metadata">
        <summary lang="en">[COLOR limegreen][B]Open[/B][/COLOR]Wizard</summary>
        <description lang="en">[COLOR limegreen][B]Open[/B][/COLOR]Wizard offers many maintenance features, selective add-on data saving, and automated build installs.</description>
        <platform>all</platform>
        <reuselanguageinvoker>false</reuselanguageinvoker>
        <source>https://www.github.com/drinfernoo/plugin.program.openwizard/</source>
        <news>
        1.0.0
         - Initial Commit
        1.0.1
         - Fix double startup
         - Fix repetitive build prompt
         - Fix main menu not opening on Krypton
         - Fix notification timeout
         - Fix crash in Trakt menu
        1.0.2
         - Fix crash in login menu
         - Fix auto install repo
        </news>
    </extension>
</addon>
